"x","y","z","og","cluster"
14.7533260282702,-29.9549517203111,4.11017219770132,"OG41_35",0
6.38367605533615,-32.6658150773284,-0.933828258183945,"OG115_35",0
16.7654011245923,13.9683692811685,-11.2703411078534,"OG259_35",1
23.6547134759664,-12.6235695204157,5.07381092385837,"OG318_35",0
24.2070883557678,-13.4917422228358,1.41678849672439,"OG332_35",0
26.1140664632079,-0.0968435243822281,4.24945861156337,"OG358_35",2
31.642863389942,9.39140095533347,-3.34745484667017,"OG363_35",2
8.01750289169618,-1.56708113143722,-7.47395376821054,"OG418_35",1
19.8531487163032,19.8905619798332,4.77952741232098,"OG534_35",2
22.3788792667443,1.82267223183299,-4.56458515338596,"OG628_35",2
5.77629363080474,-36.0731612740682,6.20425077767608,"OG719_35",0
27.0572809631713,-10.4811196810299,1.85572866401725,"OG830_35",0
30.2334181426635,9.63724720309363,-7.04117170449271,"OG834_35",1
25.2511551057622,-4.23314468165653,5.76992751677062,"OG885_35",3
27.9555675523714,0.136206788424579,-0.697115553074505,"OG1044_35",2
31.765855165562,-7.7084863417282,2.02915239440915,"OG1166_35",0
14.1395553489591,-30.7910285516186,0.827657162392945,"OG1194_35",0
20.0486492010479,-4.0973134778588,0.9476759937814,"OG1211_35",2
8.9001080220872,-34.449368958589,3.34119245040705,"OG1214_35",0
6.68619126695283,27.4307525521705,4.25372711245806,"OG1378_35",3
26.0500308597256,25.7150314394165,5.87756728850043,"OG1403_35",3
2.62033083238179,26.0119822567155,-9.64224781142792,"OG1517_35",1
-33.3284985261686,-6.68326396121358,-21.7431354100417,"OG1827_35",1
9.0031115569297,-14.129845404571,-8.75717290608894,"OG1930_35",1
34.2638727258759,12.227114825536,5.37926078853994,"OG2016_35",2
25.6568929991979,-14.1849446571891,1.88055924176516,"OG2104_35",0
38.9650364794979,8.0957554929133,3.44988533620453,"OG2109_35",3
10.9061805653437,-26.7453071029422,4.06664282791969,"OG2130_35",0
15.530442595451,-15.2415188842517,2.74556444564785,"OG2143_35",0
28.9706347461352,7.299513372298,1.64052947058734,"OG2153_35",2
24.4366663670011,-5.99605092658486,3.51412412550152,"OG2158_35",0
27.5609820992901,-6.5610870262532,1.68190100735582,"OG2173_35",2
-2.64550710830998,-45.8720787836023,2.61408848854514,"OG2426_35",0
-9.38086935964182,-52.6278057873962,1.92204941042953,"OG2453_35",0
-2.64570840067903,-38.8916284250567,-3.09725013540839,"OG2464_35",0
23.8461538126755,-8.57531031435549,3.50420408261554,"OG2500_35",0
6.82543863276496,8.70510575419766,-10.5460090557456,"OG2591_35",1
29.2031055660771,23.1709588652965,3.96146291762977,"OG2640_35",3
25.1029691305172,16.5176925208353,-8.59581873667027,"OG2692_35",1
25.5868136320198,20.419129777044,2.90277958746841,"OG2743_35",2
22.4556265465555,-18.416836625511,3.45474032804257,"OG2836_35",0
-3.26111122689858,-38.5487446106672,2.47852087283674,"OG2898_35",0
11.7083489340401,-1.36920198573133,-0.96918079487867,"OG3237_35",2
23.6441927757314,-13.5701860348745,0.568158547765763,"OG3406_35",0
25.2063590495563,19.5407646425019,7.25945552959649,"OG3454_35",2
14.6646693549985,-2.48917192319871,-1.31709300937386,"OG3566_35",2
22.7978969638768,28.8926668724761,4.62601448304848,"OG3580_35",3
26.3473157971417,-6.56364249913223,2.04294954959892,"OG3581_35",0
7.0516887336251,-38.016457656244,1.87047093885633,"OG3665_35",0
21.8376038578475,-11.2919676353714,5.20609403844202,"OG3891_35",0
31.6914384969656,4.14588969840059,4.13370733415534,"OG4092_35",2
15.4710018827552,18.1631640665496,7.24907917739579,"OG4151_35",2
5.09397434864748,29.826014256007,0.603008824403697,"OG4223_35",3
20.3489639251693,2.72376381773195,5.02487980135242,"OG4253_35",3
17.694566310932,12.7845834268547,3.56800068650495,"OG4261_35",2
22.0080129392597,-1.0789152954418,4.6905531624888,"OG4297_35",2
16.4825727122915,-4.59234735924385,4.66485809000226,"OG4466_35",2
21.9523623447738,5.33220762386001,1.39380138887152,"OG4555_35",2
29.1424238812895,2.42201843337506,2.24553412667555,"OG4669_35",2
17.7556608623912,-13.3950264943047,3.53564484697113,"OG4804_35",0
18.9349229082627,-12.882395880201,-0.703878615088449,"OG5043_35",0
23.5093495860612,9.54706364703231,4.22841400822862,"OG5267_35",3
17.8919189828983,-29.496035126001,0.437937428144993,"OG5328_35",0
18.8915191796846,-19.9096775152457,4.26622677692018,"OG5472_35",0
-29.3465755563118,-31.7789534592602,-7.8719031362128,"OG5716_35",1
19.0631205422563,21.8898786032918,2.73507391639999,"OG5953_35",3
10.5469637828441,-22.5542283593869,-4.37267244365982,"OG6139_35",0
18.9976723073032,-1.54722161198124,5.65216236020138,"OG6635_35",2
23.0180808897525,-3.58933717894224,6.31745413650119,"OG6726_35",2
5.87191216377512,11.2887058254913,8.26744057311074,"OG7869_35",3
20.1550854585548,-16.9178268189681,2.56480734422894,"OG7969_35",0
6.41391324302105,-32.9830657045862,2.09661114750637,"OG8266_35",0
4.64234346309011,-33.4392148124661,1.80535243958527,"OG8268_35",0
14.0106630526555,-11.1229523329198,-2.29008239672034,"OG8330_35",2
32.4742441766066,10.9974144677483,6.09581529467138,"OG8346_35",2
26.883976681848,12.4977273088802,-1.70838507459539,"OG8620_35",2
13.5063425232941,-16.0471459820645,3.64406152021842,"OG8631_35",0
25.028303803825,-8.75900880442276,4.19801853240968,"OG8829_35",0
12.0806499042835,-2.11310854219165,-6.05965092930106,"OG9008_35",1
20.7638888694527,-2.50354138360418,3.74139330853518,"OG9016_35",2
-14.6969783374348,16.6377465904525,4.54810051343187,"OG9165_35",4
-2.84260880581757,9.42568723770025,10.541122334514,"OG9599_35",3
-2.300265159922,13.3680912958306,4.15923686198112,"OG9721_35",3
21.7162062035085,-3.37757178274464,2.69661591913837,"OG9842_35",2
-14.154531762263,19.5872679080984,0.198600319390854,"OG10212_35",4
24.2738567973245,8.72168324052491,4.86142484616075,"OG10274_35",3
-3.6400757337723,-46.382841817196,3.65978151348719,"OG10428_35",0
13.4212111781658,-13.6063368202252,7.55818514694659,"OG10703_35",0
4.32826567074056,-3.25718452051843,9.6107673956311,"OG11269_35",2
16.506052066035,11.3027109893399,2.48981428728276,"OG11740_35",2
-5.87561014884557,18.7816677141422,5.14365620265118,"OG12531_35",4
18.5405351931463,-18.0067415476244,-0.695683725495486,"OG12675_35",0
17.5582774149256,-17.3178272908077,2.13746760349104,"OG12950_35",0
13.5281829876849,-27.0659290466601,2.1043432362769,"OG13462_35",0
19.5807575532471,5.17175549009367,-3.68502035100291,"OG13627_35",2
14.5729484143939,-24.7027820843038,5.36986608062707,"OG13766_35",0
9.1063911116343,-31.650136685398,0.383609415729396,"OG13789_35",0
-27.4991742092092,-16.5496371505398,-1.67935327807999,"OG13885_35",3
17.07200446105,-20.3432439459707,6.62286826681965,"OG14116_35",0
15.0761712650299,-15.7818157449906,1.81684113712803,"OG14121_35",0
17.7152359006794,9.67149938048475,-0.112247551268475,"OG14510_35",2
13.5418860022752,-27.3718836212446,1.29301593583147,"OG14774_35",0
6.36147853050458,-26.345732221339,-0.0235682572035671,"OG14809_35",0
6.47131494296113,-2.68387618869279,7.01618988580578,"OG15287_35",3
11.3540847138251,-29.5279057994753,2.02914673733319,"OG15958_35",0
-25.012204258851,-47.3596724220167,4.86884982387727,"OG17240_35",0
-3.76475094996391,-41.3064758372591,4.03879365880702,"OG17243_35",0
-29.1637744695899,-63.2776895886719,3.72683337327631,"OG17244_35",0
7.86775030030464,-28.137562228962,3.88463943203085,"OG17616_35",0
-6.27625956278748,-41.9846850988325,5.50182919417174,"OG17766_35",0
18.7742330514848,-12.657215940489,2.60771828760424,"OG18350_35",0
-10.9515348085513,-37.3767601085977,0.23170176133774,"OG19011_35",0
-1.46675620469106,-34.1625836743309,-2.02982837494109,"OG19078_35",0
-13.4100319675364,-54.3098423947367,4.19490325161603,"OG19494_35",0
-22.53216459718,-57.5555843779413,6.10089142443791,"OG19920_35",0
-19.2017534260607,-48.6216918043514,-1.90435535245446,"OG20941_35",0
-4.56062367454201,-40.0287459610793,6.03820781649587,"OG22179_35",0
9.75468381791305,-24.5235528395267,-3.82550648936131,"OG22762_35",0
1.18555005525843,-31.5308374118778,7.07385555569013,"OG22840_35",0
-15.8894758591988,-37.362677920797,-7.48284488282778,"OG25151_35",1
3.35199303429636,-24.9604128465675,7.18263576052903,"OG25314_35",0
-16.681217138006,-13.6347029778309,-2.51316232285414,"OG25773_35",1
17.0061841279824,-17.1993881943263,1.70232931788658,"OG27468_35",0
1.84543982392394,21.1469435402771,2.07054433028426,"OG28468_35",3
-49.2591894842267,-72.1805042629631,6.31421200932408,"OG29066_35",0
13.8505460971721,-11.5245950502168,3.86174485551749,"OG29071_35",3
-7.44362213919209,-3.61974228955267,-9.76187626031572,"OG30911_35",1
29.2054852307251,1.96886442886461,5.32085084313237,"OG99645_35",0
10.7258035558905,8.74895910970783,-8.5649909784537,"OG107932_35",1
-28.1288245950132,11.8539378394885,7.48410776087527,"OG107933_35",4
19.008778010508,24.7818836093051,-6.79272774047225,"OG107934_35",1
7.82070825219004,27.2405264555316,-3.50734213116647,"OG107936_35",1
19.5766254394765,0.471451124172035,1.00305342649926,"OG110351_35",2
-14.7557501785894,-1.68106651247401,-15.5660525759099,"OG111197_35",1
24.2066889087484,-5.84160980429556,-3.55876759102664,"OG114081_35",2
-1.39325411670192,27.3409809327886,3.06104317028531,"OG115328_35",4
-18.1794150248225,16.0393290829641,-0.783563191628345,"OG116548_35",4
18.0885777216888,27.014507663517,4.13570542506255,"OG116612_35",3
27.6902217917869,0.285569721705896,4.64933505077958,"OG118732_35",2
9.15879075864731,7.665386807258,-11.4766168780832,"OG118739_35",1
-0.742253982494038,-9.47613129824923,-8.42917200261997,"OG119679_35",1
-65.0793416487333,-11.9903506096764,4.2433908896606,"OG120258_35",4
-3.38945166648726,-36.8982068922273,5.57659574389031,"OG121701_35",0
-14.580505113367,17.523483443576,-5.05048718404364,"OG123646_35",4
16.8366901489007,-17.7994752571048,3.94439719200696,"OG123997_35",0
2.04005975658248,-5.62423829355174,-8.23248527197433,"OG124549_35",1
14.6830638416217,-17.7364925879755,2.74520636571089,"OG124709_35",0
-23.775336191317,11.8752489807147,-8.25902093441708,"OG125895_35",4
5.24562069316467,21.1011838805291,5.76703398680024,"OG126000_35",3
-46.8100179248453,11.7236419160518,3.11715861999906,"OG126570_35",4
37.4022829488417,9.51776868042364,1.79521115411071,"OG126744_35",2
-14.79583365767,-12.6380726929465,-7.92907037117985,"OG127017_35",1
-26.2894135007864,5.1688046204615,2.87433076706499,"OG128088_35",4
13.2703264350898,-17.8952798891164,-2.29604661073727,"OG128183_35",0
-13.7089775768453,22.7958477654092,-1.35466505757907,"OG128281_35",4
15.9294875195223,14.2595690529149,-1.50152090172748,"OG128327_35",1
-3.66488983880126,25.9611773900199,5.78602498334663,"OG128525_35",4
-47.0776297641364,9.34071745421055,9.30511008702793,"OG128633_35",4
-29.5438145857689,18.0848824707864,1.85114543892935,"OG129197_35",4
-74.1254897206685,0.110435867446949,3.44503384546681,"OG129553_35",4
21.3344849792933,9.37850643005667,-3.74089906285682,"OG129595_35",2
-33.5296388232306,-1.47551927907207,-7.21870005068914,"OG129711_35",4
27.4818662763394,1.48693689303935,5.41305081089577,"OG129804_35",2
-16.1543279512865,-1.15236278346745,-1.2805199391479,"OG129927_35",4
-15.2424533246481,9.81254595984794,13.5596247767154,"OG130008_35",4
19.5866835075421,-9.81105127362387,-2.01816577647708,"OG130011_35",2
13.7419805990989,7.14504281770487,-9.99650494014071,"OG130013_35",1
-45.4077138958716,-8.29556153598732,9.85617289253039,"OG130144_35",3
-6.34186484997761,-5.07311213040515,0.365353926942845,"OG130173_35",1
-55.2294941156005,6.54127524002542,11.1639757559948,"OG130671_35",4
-9.0586942694907,18.2481587685681,-2.05220761925148,"OG130710_35",4
-27.1083339448385,16.9203599274506,-10.2751041898847,"OG130900_35",4
-18.4446272350592,11.9761989152846,-10.6472900959623,"OG130993_35",1
16.5124921132316,-16.0836378363504,-2.56185121469797,"OG131074_35",1
27.7982242619555,11.3083204721024,3.92861678857847,"OG131391_35",2
-9.6007915295409,22.6408783074041,-6.00422174372537,"OG131575_35",3
22.1717438341613,5.9936555418765,-6.37294660060553,"OG131584_35",1
-15.6244391114506,-1.37589594635368,-12.4449441593165,"OG131670_35",1
12.9395740499023,14.0423391593087,6.87705526352253,"OG131730_35",3
22.4358680055767,18.6781308695139,-2.97263450989577,"OG131882_35",2
9.46268695978662,-24.2178610194166,3.79736617848144,"OG131883_35",0
-4.75739099144483,2.12748750644285,9.02800566188614,"OG131950_35",4
-68.9467700981608,-5.57778844794384,4.36236047112611,"OG132027_35",3
-17.0454115175533,-9.39989389427077,9.55735065873481,"OG132166_35",3
13.3133336830496,-3.55775196567386,6.01737705276565,"OG132330_35",2
7.0188801664392,-36.503516055639,2.23595301658042,"OG132603_35",0
27.0017588530701,12.0312648402245,2.653911257579,"OG132623_35",3
12.7893536966358,-29.8333720401682,-0.280784119093382,"OG132683_35",0
9.87126973827304,-4.261686225921,0.653663826608606,"OG132788_35",0
16.0319286589616,26.205708721339,2.93590999417789,"OG132818_35",3
11.8064493660108,-33.66028847749,4.45865872426779,"OG133132_35",0
-12.5498619396961,10.4255251555156,-1.90427529142635,"OG133211_35",4
-51.2847619131842,14.5821977088778,-0.204839101647388,"OG133220_35",4
16.812541512266,2.40786573016623,1.37807357426659,"OG133274_35",2
33.8976185028521,12.7906501236833,-0.162768009805305,"OG133388_35",2
33.3094794030352,0.97693434087401,1.76366327188919,"OG133507_35",0
6.69507299460537,1.09455483620437,-3.79417172256798,"OG133569_35",3
-17.5411498214851,27.2095974893842,-0.386871865285646,"OG133686_35",4
-26.1460064381678,9.36926711789229,3.61408005301009,"OG133711_35",4
26.0507783708251,15.4022191819092,7.33666015029487,"OG134002_35",2
-33.9273422379327,5.76015998801023,-18.8276611854566,"OG134211_35",1
21.0634481734165,-21.5197705438322,0.568360382292261,"OG134227_35",0
-28.1642386094556,18.2691172222078,-0.238981479926992,"OG134531_35",4
-10.486826734429,0.842632832043325,-16.0416732039299,"OG134635_35",1
-12.4883320189184,24.6702034284246,3.34594988300813,"OG134899_35",4
-82.3898356496513,-4.90872000343467,8.77758135443659,"OG134908_35",4
-4.11965083256284,-35.0140170979424,-0.962228624491603,"OG135000_35",0
15.7273088056411,7.38954152162639,-4.28526602563956,"OG135100_35",1
7.32800221447829,-20.347658858616,4.48799749162113,"OG135201_35",0
2.23313698903423,-17.9339780382992,-2.18502315035302,"OG135211_35",0
23.3657102499928,-8.0318988717102,6.15791731783971,"OG135273_35",3
-32.644587873918,13.5312541939079,2.65920247905354,"OG135359_35",4
7.54325067524457,19.2939071086106,-7.5568718828982,"OG135421_35",1
21.4293552347773,1.69150624913972,5.14425590846988,"OG135444_35",2
8.74262335302292,-29.0809775440791,6.20912512481646,"OG135670_35",0
-28.5476877557812,11.686891645861,5.70686476396318,"OG135724_35",4
16.2651749668932,4.88944730274889,3.42254430334628,"OG135919_35",3
23.9892368864258,-20.8639354915894,-1.15242491217046,"OG136025_35",0
6.24657165291047,18.8959766674072,-1.74521082948714,"OG136046_35",2
-10.5412585233129,8.17539540715746,2.31787414521924,"OG136270_35",4
-9.24368214709889,20.5804810161254,7.73390816530935,"OG136291_35",3
20.5673403305362,7.60976225488377,8.13283565077582,"OG136340_35",3
-28.2857672377559,15.3555528318973,7.73102116686269,"OG136457_35",3
7.59954632620506,-14.3348436178892,-5.23765550231379,"OG136503_35",1
5.45789441640886,-1.39348207036382,2.91208948076996,"OG136591_35",2
-27.8864969243578,8.54405198280866,7.65030845562157,"OG136722_35",4
13.5634346174212,27.0853879000169,-0.4281845917869,"OG136747_35",4
-26.1788965129972,16.3474194958818,-5.04071495271513,"OG136749_35",4
3.15786559475741,21.8729602616766,-3.78649800015271,"OG136754_35",3
-10.1715666356666,-34.5851391154404,-7.41735581974547,"OG136819_35",1
4.30497778863358,-3.80473952446685,-9.02760783116826,"OG136861_35",1
12.4837226430001,22.5855819006111,-7.7881102219557,"OG136913_35",1
-22.3924273309241,-58.0864693610189,0.0960180939724963,"OG136933_35",0
13.932588390982,-22.424115103376,5.27261340321501,"OG136942_35",0
25.4814315659361,8.81417277880466,-0.0253459950420135,"OG136976_35",3
22.1582790492762,-4.66822760540608,4.6194253201934,"OG136990_35",0
4.32121522899868,-19.6522893569451,6.8713072362608,"OG137009_35",0
-5.94578115098558,7.90686313432664,0.211136613012134,"OG137028_35",3
20.9113680357353,3.2894942377596,9.34549573573536,"OG137057_35",3
7.26619733477272,-19.6975135130157,-7.16424469056865,"OG137085_35",1
3.57915440396416,-10.966408420531,-5.86374755924029,"OG137187_35",1
3.67318996580856,28.5451343859585,8.29095074867674,"OG137296_35",3
16.7478323359951,-6.9155724405927,-3.28305141124251,"OG137324_35",2
-22.7905842834453,17.5684415114433,1.96382302134739,"OG137340_35",4
14.6356768783323,-0.253321435832371,8.93181967519111,"OG137417_35",2
0.36591997243144,-8.89627771002275,4.96327538373631,"OG137456_35",3
20.9687839962012,26.7686694326191,-0.671010563115974,"OG137484_35",2
16.6400959811432,-2.79228755653307,3.96724522458918,"OG137560_35",0
-58.5795727762951,8.51753934240061,2.87874849166846,"OG137591_35",4
-8.11849932161766,20.0986522004485,4.8056465078491,"OG137626_35",4
2.88155843346286,-13.1029501325105,-12.7752500881723,"OG137741_35",1
-18.9312293525155,-60.70156990853,5.24727734977824,"OG137757_35",0
20.7365408791173,-0.47000810271157,1.9901356999302,"OG137868_35",0
10.55999753354,-25.0618497494351,1.80456215244264,"OG137915_35",0
-0.360804007684289,9.43323271841222,1.91211339266408,"OG138012_35",3
9.97407583720032,-30.7490904529953,2.4416725314832,"OG138017_35",0
21.0278025669379,-8.05794769306915,0.727489961735352,"OG138067_35",0
21.4199027027075,-10.3613941546957,-1.32822238523217,"OG138170_35",0
-84.6136941012255,-9.37532885783254,4.42525223981363,"OG138406_35",4
22.3448787422406,22.3456677773597,-4.4660209295786,"OG138417_35",1
10.180562441068,24.3484317105378,-5.01594737226421,"OG138457_35",4
-57.5895001873007,7.21741242031921,9.52842931413012,"OG138617_35",4
12.4411879955781,10.9445622921119,4.27302918365901,"OG138621_35",2
18.6969708506259,10.6243937090681,-1.51562943294312,"OG138626_35",2
-23.1291612583238,11.1689174794818,-4.25438038178808,"OG138636_35",4
5.62416351641835,-10.6135604900901,-9.46430326795226,"OG138691_35",1
35.4724210319246,5.49950464983276,5.78831198555462,"OG138761_35",3
17.4334345275827,-16.8635528839965,1.1341194844744,"OG138776_35",0
-33.5529291276162,-22.6613876475291,-9.73553182015384,"OG138780_35",2
4.51863021341355,-32.0630092774927,4.94523334665259,"OG138810_35",0
-28.3951928158841,5.75405965372318,-1.87734371238076,"OG138820_35",4
-41.5985701567349,8.78696886991071,11.8140446384165,"OG138826_35",4
12.3384761757674,15.6110523565111,3.41700229374219,"OG138901_35",2
-9.61444734566785,11.2313739299619,0.607062650855733,"OG138958_35",4
-24.9952556647864,4.98078120253928,-0.243537413539345,"OG139031_35",4
33.8811516027481,2.50317247416534,0.923080323333202,"OG139043_35",0
18.6429158517649,18.1238183877396,5.69935615765316,"OG139057_35",2
31.2647309234466,5.96494141552141,0.805236410542878,"OG139075_35",2
30.1688481116225,0.499466975555917,-4.61524854915329,"OG139116_35",2
-65.0949080172059,7.97958996123297,5.02356394830212,"OG139216_35",4
24.0556926098189,-11.4616446045909,2.47396463260047,"OG139225_35",0
30.7791540122293,10.5907737981739,3.64948756828411,"OG139226_35",2
-56.8644832675254,12.713729731213,2.61442573195485,"OG139247_35",4
-33.7677454193369,12.2709245500866,-10.1969210910538,"OG139258_35",4
28.3897319488647,9.76016923414562,2.61592182905043,"OG139267_35",2
8.12595283996687,-4.74211714890022,1.1228550712059,"OG139277_35",3
-59.4088383894165,5.22371271530427,4.79652154252924,"OG139297_35",4
-3.9180555551407,1.80376822643504,1.38116712813794,"OG139308_35",1
9.13985359548442,15.3633769419107,-0.144466129282107,"OG139337_35",2
17.6718785554374,6.58288889949438,5.20856839087558,"OG139343_35",2
29.7080831453832,13.7048377936384,3.28168165960216,"OG139349_35",2
19.0797120508117,-1.75982026607375,-6.1538818679276,"OG139352_35",1
21.0325390169388,-0.315540195476198,2.40808730649461,"OG139404_35",3
13.8629151689606,-17.9583953057289,-1.58272052552951,"OG139537_35",0
-16.0260115099088,-48.1184541732497,3.67505978996533,"OG139550_35",0
-10.9963492318149,14.901179554017,-8.7253674114705,"OG139568_35",1
20.3466333989657,-6.59396747617061,-11.7227161632539,"OG139587_35",1
1.04513230696826,-39.6401626868689,5.85366188414404,"OG139627_35",0
2.97587306075605,4.48068782444221,5.48521710102847,"OG139670_35",2
19.5013536849133,-6.82899790984513,1.66515662122791,"OG139672_35",3
31.7471505791799,12.9363862587602,3.45598917877636,"OG139680_35",2
22.2216140592519,-18.248165953837,1.51387804131404,"OG139700_35",0
8.05091134140148,-30.7203700029019,3.88344425003604,"OG139716_35",0
30.7505671319385,-3.97279277681927,2.35031056897488,"OG139746_35",2
-26.9702931747708,17.8463868281785,-6.89489567329931,"OG139748_35",4
-1.72220270969705,5.11156353007656,-6.25978404996965,"OG139759_35",1
7.32795979043742,16.4447312096963,-1.57642622475536,"OG139781_35",2
14.8163162032598,1.4003122015634,-0.107385446440282,"OG139818_35",2
-10.2853526076402,13.4763606773837,2.07031180338124,"OG139883_35",4
-31.523619492613,15.7636175111641,-9.27061544807542,"OG139914_35",4
22.1895564586051,1.33177470963001,1.96489002265682,"OG139940_35",2
28.7785487208838,6.98531350703098,-8.91144012530872,"OG140053_35",1
-6.1694049861857,30.6288240680703,2.08275500815094,"OG140066_35",4
-31.6110716046828,-35.3695790770985,-7.42913991800396,"OG140128_35",1
9.9437498895477,-1.72217528452614,5.84088624486912,"OG140129_35",3
14.5038851326544,9.82627857340077,6.92308141416501,"OG140160_35",3
-45.0234333744637,15.3636344813803,0.845187906375242,"OG140167_35",4
15.3197758282783,20.2373225747957,3.71463159277865,"OG140177_35",2
30.6339587986967,9.81451094053565,3.28223256843252,"OG140192_35",2
-30.4596819292614,-12.9663132634776,-7.70159195254146,"OG140254_35",1
1.17440139182645,-43.1861195159399,-0.828059617029858,"OG140265_35",0
21.5134084285555,-20.7070473714214,-7.15497072778289,"OG140266_35",0
25.197884851815,11.2600109686192,5.31611496001911,"OG140303_35",2
-3.6887663768238,8.10308957411339,8.99113072540146,"OG140347_35",3
6.0726411568224,13.5941345876888,4.0126205788672,"OG140357_35",2
-38.7874640663117,13.7735784828226,-8.69200827210474,"OG140411_35",4
14.4031541255441,-3.78103492747841,5.47335260020893,"OG140444_35",3
17.1460708794869,-15.4352356092447,-2.90284378028197,"OG140448_35",2
20.0803018428887,17.3676726621004,-3.80985450778455,"OG140459_35",1
15.1131690260877,20.3609457903995,0.761000331144676,"OG140463_35",1
10.5272288514514,0.43723832500406,8.67908473101207,"OG140469_35",3
17.824894933451,-10.6170600035048,0.562357642946519,"OG140472_35",0
19.9470801196388,-26.5793293646065,-1.96830163768849,"OG140502_35",0
-12.168700980841,14.2330618598457,6.87798907681469,"OG140510_35",3
33.277036802349,7.3030778606293,-1.37691183672768,"OG140511_35",2
13.3805065703841,-11.738524655341,-4.19148934918175,"OG140559_35",1
-6.59900561908305,10.7942431407577,13.5711448888581,"OG140571_35",3
-3.10187309384458,-3.54780873000393,-8.44215222740295,"OG140586_35",1
19.1130296860863,1.30342851719286,6.63922086987613,"OG140590_35",3
1.27508439549338,-28.592770014202,-4.88116750533702,"OG140617_35",1
25.0558888162559,-4.19189970403341,-6.46329725939089,"OG140651_35",1
25.6101533762052,18.0097677876386,3.31386375486072,"OG140663_35",3
-35.9741880198536,22.8913667190742,1.78777928420786,"OG140694_35",4
5.93843959033034,-10.1806424721471,2.18690360137334,"OG140707_35",3
4.66541283348852,-17.9944951412518,-5.78838332016874,"OG140717_35",1
3.93184313455746,22.442428173698,-11.0542185735393,"OG140827_35",1
34.5028876434017,21.0550460313311,-5.3329559019255,"OG140831_35",1
0.133578897696116,23.162372025654,1.18644691984049,"OG140838_35",3
3.26030356400534,7.05750004524502,6.99089785496388,"OG140850_35",2
-2.65368803994672,17.0747379004555,5.48662562822172,"OG140882_35",4
-12.0105011589714,4.28673031406939,5.51519956289272,"OG140888_35",4
9.2190131327576,23.4418154385004,6.46608862585228,"OG140900_35",2
35.4465475412878,4.89366292804392,-0.884322446005947,"OG140902_35",2
18.6813074640231,2.84410231266014,8.50577757445292,"OG140935_35",3
-35.6909758140653,1.61015966069207,-5.82172692292828,"OG140939_35",1
16.4337176870147,11.6565972493526,-3.19358882874474,"OG140969_35",2
14.3959329496429,-13.1358488496225,-4.57167290924217,"OG140975_35",2
13.5285814109265,17.0477397428883,-1.85948647758081,"OG140991_35",3
23.1531354341703,18.6916213064895,-7.3072370664187,"OG141037_35",1
23.3114932584599,-10.8989756261989,-3.65964411589651,"OG141043_35",0
12.8750011517575,11.1593222829605,-11.0657711225505,"OG141047_35",1
25.2776679615358,4.20123313669315,-0.306126104839453,"OG141059_35",2
20.3907194746782,-0.915068308095428,1.2354535797362,"OG141061_35",2
-17.2557387887497,-32.5896057262784,-12.9106588817192,"OG141073_35",1
12.9011796703531,14.5822005024402,-3.87506059811796,"OG141075_35",1
-14.268939722077,22.771671361475,5.15110956119127,"OG141082_35",4
4.67349190970042,-26.5018376076181,4.8469903792143,"OG141120_35",0
15.6878929912694,13.2111105056081,-3.72730244832732,"OG141126_35",2
14.1888900189244,-20.7770646978619,5.72645250182043,"OG141133_35",0
-8.56529222463514,-45.603987271055,8.71944510069369,"OG141142_35",0
24.0189159726242,19.9019101434178,-0.280937576802032,"OG141147_35",2
1.79100920435916,-40.6057051970042,1.7375129529628,"OG141186_35",0
20.8175558842622,-18.7910956954904,6.45646724019501,"OG141192_35",0
23.6824082095942,19.5176192690564,8.16243966048206,"OG141211_35",3
-1.61518037738086,17.3874264674616,5.19993817854653,"OG141263_35",4
-11.7689364399206,27.9639186467053,2.19068052116267,"OG141289_35",4
22.3574751013948,3.22665783508224,-1.31833107792099,"OG141291_35",2
26.7742994961749,-8.50322800274365,-3.07955665176859,"OG141300_35",0
6.86106369439043,-35.2374500546506,2.19067530016161,"OG141333_35",0
-59.4313441892789,-3.00674418106668,10.2320770642757,"OG141341_35",3
18.6088339640308,-11.8365125378445,6.73764178037746,"OG141352_35",0
24.0965084394499,15.1868737083109,3.53328919864346,"OG141381_35",2
31.4429125413494,14.0338168781311,0.758191226795558,"OG141446_35",2
14.7517291892033,-15.9533999910667,-0.578392822040841,"OG141452_35",0
17.0582551592597,-5.37865302024416,-7.23707992265624,"OG141455_35",1
5.85972665648621,7.44153366502397,5.92543950140161,"OG141472_35",2
17.2080801142394,9.27827480934883,1.08632153540919,"OG141488_35",2
-7.26713431575956,-10.3230395506327,3.15461192766318,"OG141501_35",3
3.92390917799026,22.4351909733181,-8.35251908928236,"OG141528_35",1
-6.3252437047091,11.6997645519867,6.59520551465132,"OG141560_35",2
18.6545043822481,6.21000793822733,-6.90835182485968,"OG141577_35",2
21.9875281364362,-16.2427144783437,2.24556688616298,"OG141585_35",0
18.0483639231055,-4.37001252344132,4.75817125318213,"OG141592_35",2
16.9032004698999,21.5115182000238,8.35457504077548,"OG141597_35",2
5.94351487579195,-30.556566301662,0.648626555840234,"OG141608_35",0
5.05668382793476,18.9583384467913,-13.5439985606132,"OG141645_35",1
17.018703294047,7.9355601254063,-5.82360410571112,"OG141688_35",2
9.93039796942895,-3.09178724025913,0.547897482952524,"OG141694_35",2
-4.96310942059875,-30.8371922964246,-8.19317458805414,"OG141752_35",1
-7.16351952666984,-43.7122709574694,0.0737137984824411,"OG141767_35",0
12.1332047953086,25.6033743418001,-8.03325946827838,"OG141787_35",1
-4.87137842823971,-40.3584207769361,-4.75047707417208,"OG141816_35",1
-5.08451577460912,-12.2374331052807,9.44198740898046,"OG141853_35",3
6.29973965252213,4.17094381433516,2.38142107244586,"OG141865_35",3
19.2999349397537,4.70677475791341,-3.51953599980148,"OG141872_35",1
11.6382792209667,-25.6103656080266,3.37420589875377,"OG141878_35",0
2.8970345980496,-25.1717743530281,-4.68289941973908,"OG141887_35",0
15.2342639083513,-17.719815070162,1.58119803097561,"OG141896_35",0
28.3961098239737,22.0059909996004,-1.0158855640137,"OG141899_35",2
-1.50129922774266,7.96777724263217,-13.9305844379588,"OG141917_35",1
15.0674160579619,-9.60482277269229,7.41282666533232,"OG141920_35",2
20.0441770277748,-12.2110775757704,4.37040290045159,"OG141924_35",0
29.099920020105,19.7829038120281,-3.49064533049805,"OG141929_35",2
11.574644930752,-22.4625662985183,-1.80723371838337,"OG141938_35",0
12.1535629556691,-1.94816178541278,-1.11512484595919,"OG141945_35",1
-7.7264718138548,-4.91859662753207,7.01718176829683,"OG141984_35",3
-13.8496375116862,2.33799086884916,2.13040263929003,"OG142034_35",3
16.5145550608615,6.0845317837171,7.97360407909767,"OG142037_35",2
2.73564489497953,1.70071474973686,3.28225716764158,"OG142050_35",3
15.637539658636,-4.10894746535362,5.63301750934705,"OG142054_35",2
-12.9015812450762,19.7105366392783,0.238624355671179,"OG142062_35",4
-16.3702482885473,11.7977803592611,4.31545932747819,"OG142071_35",3
-37.5424604778424,18.118373934222,6.81490147844688,"OG142098_35",4
26.2898871072279,9.77785637778962,3.62045277884668,"OG142101_35",3
-24.365759339474,3.42555773549964,-1.26947248132348,"OG142111_35",4
4.20292333735549,-37.9339369453176,4.14914904275474,"OG142117_35",0
1.22377655832681,7.62688854219389,9.59681281358277,"OG142162_35",3
24.4638226678728,-20.8032668433945,-3.11843589981898,"OG142190_35",0
22.8544122648953,-0.496724132357292,2.451292636622,"OG142198_35",2
3.60572449236134,15.0799584750585,3.46373934455877,"OG142204_35",2
17.3001070237684,-17.9574019019016,3.07485228810468,"OG142206_35",0
3.98689222232046,-12.3498102089786,7.38696812302252,"OG142226_35",0
15.3520824697218,-2.2006330261945,6.46997849184925,"OG142249_35",2
-9.8340085167485,-50.7459466734904,4.0593709421763,"OG142264_35",0
-16.9443464902496,11.1486891206886,6.67199546738979,"OG142306_35",3
4.23812688195063,-22.8288548519576,5.06394895964838,"OG142313_35",0
5.42084193036099,3.11142225581723,-9.33990253752168,"OG142321_35",1
25.4141950978339,-9.49555442733326,-2.18590210964503,"OG142328_35",1
-52.5197582195418,12.0707540536617,5.3821830560575,"OG142331_35",4
-16.1704788633336,20.0297776889786,-4.79226526975497,"OG142334_35",4
27.6615680751149,14.8802274281322,2.06103880981406,"OG142338_35",2
11.7633877593877,29.589108800899,0.210090999471346,"OG142349_35",2
-40.5383196180882,5.60110322902402,-12.2677026366176,"OG142382_35",1
19.6558216993166,3.78377175904131,3.81909750378724,"OG142384_35",2
25.5739615944281,29.1405189365529,0.41947105776783,"OG142422_35",3
25.0222265176689,6.75518168326913,-4.30065454346674,"OG142428_35",2
-4.68906057144779,7.49917625999756,-9.09233270184994,"OG142505_35",1
16.5310718992356,-13.115729876636,-1.88061961706899,"OG142528_35",0
18.4305530794628,-25.0265517025063,2.3913512123493,"OG142542_35",0
1.11754405758501,17.7922249880121,1.78950814256212,"OG142557_35",2
-14.5022244966555,20.5286998854405,4.89506370195136,"OG142581_35",4
26.3394000059602,2.77445047673008,5.90918032310704,"OG142583_35",3
-20.6915290065809,-42.5334365840374,4.70828856459026,"OG142595_35",0
5.72146428777451,21.9394040753971,3.18364877952902,"OG142720_35",2
7.87906963316523,-18.450223194668,6.29453899747919,"OG142736_35",2
-13.3901395173675,22.5877220324381,7.01648944764159,"OG142750_35",4
-10.7243549418223,-51.9811968843234,3.66378862048012,"OG142752_35",0
31.651859614722,20.9263205066672,-1.97691062618835,"OG142761_35",3
17.6049868351979,11.1007796445052,1.37829786636501,"OG142764_35",2
9.23226770483543,26.2369377500064,-4.44478523716627,"OG142806_35",3
-39.5654730409049,10.9368392670173,-4.52898126318311,"OG142817_35",4
22.797823174489,31.0552888624641,-1.28195076053667,"OG142833_35",2
4.31439410937968,-28.5046874838271,4.53938801814994,"OG142835_35",0
-0.0647715775194122,28.280858589267,1.235653289647,"OG142845_35",3
13.2621540267317,-23.5366371022424,-4.07849797545132,"OG142881_35",0
18.0532659359369,-18.1479894093174,1.10160298643586,"OG142886_35",0
-3.73001015938121,28.0742185766007,3.33917467028868,"OG142895_35",4
0.620212418878853,-29.0778196924438,3.28925071649462,"OG142918_35",0
2.0782535355754,5.95986492322001,-2.9187577976091,"OG142960_35",1
17.1646077905597,-24.2742786893464,-0.0188788051942828,"OG142967_35",0
13.2296111901751,14.0924773434746,2.39152237274198,"OG142986_35",3
10.4189826486806,8.25314226866926,0.0307252834137888,"OG142991_35",4
26.1849940084669,15.8189125693296,-0.0850866649006007,"OG142997_35",2
-25.28894280162,5.27790637044936,7.40582552690625,"OG143004_35",4
12.0666925905955,-23.0464541388102,9.18234953631916,"OG143011_35",0
11.0157477523929,-29.6884399068495,-0.678816279141737,"OG143021_35",0
-5.56442295313587,24.8619046091096,-2.90906976600018,"OG143024_35",4
-34.9537220430928,0.932058082795451,-11.5411131078238,"OG143037_35",1
11.0151699506793,6.26813110977947,-4.43960092301935,"OG143056_35",1
18.1667398956611,10.2361478511505,1.23827778402571,"OG143076_35",2
28.1715853973192,-3.28666469361805,-2.44404015798844,"OG143079_35",2
8.74809277968296,-26.1500005715461,-0.586900755237833,"OG143095_35",0
-29.2102532730188,17.8396997468399,-2.63880678755075,"OG143105_35",4
-18.5874711121327,6.81118810023765,5.26569931271355,"OG143141_35",4
19.0885361043094,-8.59198440335876,3.83638232994481,"OG143158_35",2
-12.9880669116172,19.7907312284559,3.32934232795458,"OG143190_35",3
-18.2830667577214,18.8321324398741,3.01110057583565,"OG143198_35",4
20.4971368409845,-4.93833841223206,-11.9041470543278,"OG143230_35",1
-47.9056540900581,3.53771555275176,-7.62508325726639,"OG143291_35",3
16.8022992443594,3.80659003880189,-8.09710667916934,"OG143309_35",1
-56.4663840647616,11.7502039410017,2.35516132915256,"OG143322_35",4
3.70849184188877,4.29807270473344,6.97749712149648,"OG143324_35",3
17.738594372762,-3.1840945432698,-2.90170403975169,"OG143328_35",3
12.8824720567201,21.5202957570478,-11.457197170088,"OG143341_35",1
15.0730608818094,1.99709902217096,6.55714748525562,"OG143362_35",2
28.5407420700226,11.8496081541037,1.05446987473753,"OG143389_35",2
24.5810059043167,11.8844701050856,4.49346912149617,"OG143399_35",3
27.6553806010202,14.910331091019,1.72551767089657,"OG143426_35",2
30.9791153582806,-11.5469084394665,-1.05169277069766,"OG143457_35",0
34.4469833045746,-0.292027293165909,-0.991325344734336,"OG143458_35",0
-23.8125974618451,6.96234352684518,2.66782063972838,"OG143470_35",4
-3.24800795025418,21.2992710977113,-9.20184513142858,"OG143473_35",1
-4.2497655702181,2.59091170191647,-2.55131573800711,"OG143480_35",1
12.7150511792541,-20.1779026964004,-2.22563545419513,"OG143496_35",0
0.527357692951315,1.81636863414341,3.60775567155098,"OG143503_35",3
-29.7416568858413,8.37233781880143,-10.9676260772759,"OG143511_35",4
-33.2001681798356,15.3276364155255,5.71402150327892,"OG143521_35",4
0.686945200414384,-10.4639426418609,-5.74783876925361,"OG143524_35",1
26.965843366454,-5.93343585169049,3.12020928494138,"OG143525_35",0
-1.96976157001364,-16.0430777729133,9.41243849664068,"OG143538_35",3
15.1482140766913,-27.258043084214,-1.82432946389823,"OG143566_35",0
-14.4612677575418,26.0603277421024,5.39799761661425,"OG143578_35",4
4.27630320777267,4.09400834795093,-3.31136739962572,"OG143589_35",3
-2.82254229964777,13.8940298319221,-2.06249929325682,"OG143593_35",1
-57.7027804980283,8.5785202816993,3.58426625106765,"OG143618_35",4
6.53720284379698,10.5248265437304,0.890471196458566,"OG143621_35",3
-43.8245739508012,16.0460414547575,-0.830613447014966,"OG143629_35",4
-45.9216339876762,14.1079745131062,6.93136142566925,"OG143635_35",4
17.5916616023029,11.3548816788344,1.53019228344135,"OG143680_35",2
45.9857643243774,21.0622753303175,-1.82297641208039,"OG143684_35",1
11.4343796583076,-30.7677941741955,1.75695335853353,"OG143689_35",0
-8.19006625522356,-6.18684164774618,1.4391320143086,"OG143701_35",1
5.60338866815678,-16.4160108137483,-4.41644984852517,"OG143714_35",3
-3.8451931021125,6.1015602527599,8.32867246308793,"OG143720_35",3
19.7328804944674,10.2124011756111,4.78231092835431,"OG143763_35",2
-27.6291009519369,6.07767279517048,1.25744192217419,"OG143766_35",3
-5.86635543687161,-7.76605561732329,-14.646895199906,"OG143773_35",1
-47.9094721321251,-28.9367477206102,-2.66175251109397,"OG143778_35",2
-5.2181631495436,-32.4592368124206,0.882179985816809,"OG143793_35",0
15.1264136765048,19.9355831514154,4.11378760016513,"OG143814_35",3
30.8199340238201,7.93867445106732,-3.18936126562523,"OG143820_35",2
33.9529581258127,-3.28369032080837,-4.03179997697096,"OG143832_35",0
-56.6011043891833,5.17455156001092,5.54588417345301,"OG143835_35",4
29.1997471163027,6.44919557532647,-1.31036622178218,"OG143858_35",2
-24.2626491860045,3.1399255886492,9.30272910231934,"OG143859_35",3
17.0196455211407,24.3063839804887,-7.04968893805443,"OG143869_35",1
4.1907996456665,-25.2813922309793,-2.47553808272098,"OG143900_35",1
-36.843184656441,16.1771176923786,3.75195495354742,"OG143917_35",4
-58.3091659120098,15.9718069192512,-1.71122693615998,"OG143919_35",4
11.6132284391904,-27.4048390450991,0.5862074145725,"OG143926_35",0
26.7652669556312,18.1354877623803,-8.47005373644546,"OG143931_35",1
16.2737342701683,-8.55826070714444,2.55793660712379,"OG143938_35",2
-20.2495784679673,13.7867458883726,9.37368277002618,"OG143941_35",3
42.8979167153758,7.71094961688225,-5.21570132594494,"OG143945_35",1
-5.43661131468463,25.7172403696723,-1.31793790689181,"OG143948_35",4
7.27985530899007,1.65989049260033,9.20588615387451,"OG143952_35",2
8.93273155678239,10.3646545245981,-4.01581724967761,"OG143958_35",1
-3.54614933551022,7.75964846291015,-9.90383098238592,"OG143975_35",1
-47.2700875517033,16.414933996843,1.17652012940813,"OG143988_35",4
1.4004653825723,18.0705327509953,-6.18121237933847,"OG143992_35",1
34.6217744231363,9.07715559269194,-9.16035999420276,"OG143994_35",1
4.72188492508386,-32.76572893784,6.27947954853896,"OG143998_35",0
-32.5161915745761,-0.499675820882316,-2.22140017832895,"OG144008_35",4
15.246987020479,19.4767713605728,3.52142079698655,"OG144012_35",2
16.4204162396894,3.49885600372408,-3.14629430881211,"OG144019_35",3
25.5037100399935,23.2940296055868,2.30440630538457,"OG144026_35",2
-4.32985277342547,14.0857239645066,-0.342124717777772,"OG144047_35",4
-0.597568623482949,24.3743895451814,4.56239071668444,"OG144054_35",4
-23.2266996319749,13.6837428998854,3.89628891740998,"OG144071_35",4
24.2288841804987,-8.21492258208623,7.27785875325738,"OG144079_35",0
-5.9852307175657,-46.9724135639352,0.983033169252798,"OG144091_35",0
25.1202443883361,22.7640220887812,-2.18146785926492,"OG144093_35",1
17.4769339201502,6.80594622332526,4.60807013355301,"OG144124_35",2
13.2218501208772,-7.20165320221031,5.54124118305664,"OG144128_35",3
-26.3507178769149,-1.73060834867478,4.05838611475651,"OG144147_35",3
10.2444678682086,-0.825835265649238,-12.8108061673933,"OG144150_35",1
34.6654490429413,9.54178391221635,-1.97009495639245,"OG144166_35",3
-27.626907111322,-1.85396767019276,5.62671474973075,"OG144177_35",3
-23.3674382680727,19.2085509825747,-1.53155868039867,"OG144180_35",4
33.7341192593017,0.775300100665877,-0.336209941961221,"OG144182_35",0
16.1488745410096,-10.7742133329261,6.40994332440837,"OG144186_35",0
-3.92003740831327,22.6251633486871,5.91522063928219,"OG144194_35",3
3.24766315035587,7.93122333580487,-9.91003120591256,"OG144196_35",1
-3.69816893989173,-42.8579256703036,2.42518447925219,"OG144198_35",0
-5.42670456039685,-37.9650663428076,-2.28140921198573,"OG144201_35",0
-12.9514906010034,7.35451200379814,8.05575305845415,"OG144204_35",3
9.45143959113263,4.18240639575102,-3.55064477596003,"OG144215_35",2
-20.165428161794,-5.57081875021623,10.2729566270117,"OG144224_35",3
-4.70865714678729,-38.6366184471445,-2.76431477659104,"OG144227_35",0
5.583696882906,17.9917327729009,0.476850373518134,"OG144232_35",2
-7.60023081717271,-42.0423892917902,-0.913704937539249,"OG144235_35",2
-10.5487728377937,-53.8504907092143,3.19014419016342,"OG144240_35",0
-0.1233743757827,-4.77221033316178,-6.09433280690139,"OG144277_35",1
2.77987112784633,-11.9363630403694,-2.21619858083139,"OG144280_35",0
-3.59840974549929,-38.8718943799596,6.62769448075789,"OG144285_35",0
-13.4286821200914,-55.2803597001346,4.42664411938973,"OG144305_35",0
-20.2338304727019,16.7813494556298,-3.63262340770879,"OG144307_35",4
9.6004218992701,-36.8136776693904,3.15042445162742,"OG144319_35",0
23.3523834736513,5.5145541780899,-1.08514635811982,"OG144332_35",2
-23.1030099814083,9.39194295395096,5.88012798203952,"OG144334_35",3
-15.0212369362787,18.5904481439787,1.6603600650414,"OG144350_35",4
-48.9638142104474,10.8115451872219,2.32364782301006,"OG144353_35",4
23.5438982763188,-1.50179712874544,-5.65796934393069,"OG144360_35",1
17.2828421170764,-3.41649620755742,-6.4082641876454,"OG144364_35",1
2.23028936814556,14.2497387433035,-7.50040153807722,"OG144366_35",1
7.40447652578215,8.51748381072558,-11.2170612640801,"OG144367_35",1
34.9072411276453,12.3658923650413,-4.62830455469427,"OG144382_35",2
27.5042671159126,9.32528498073369,2.98257653955098,"OG144390_35",3
37.825838629263,11.6612343736164,-5.7372412081618,"OG144391_35",1
9.36463107529621,0.937138812005498,7.48115658217299,"OG144440_35",3
-4.5920226083236,-38.7566808917977,0.872029553302947,"OG144448_35",0
7.53569149269266,-25.2910194326148,-5.32687423432007,"OG144459_35",1
22.2801794950535,10.8425242190324,-2.21317222505503,"OG144465_35",1
34.6040646159606,24.2893736116035,2.73761344143003,"OG144468_35",3
23.1727408058233,-10.099014841529,2.1889010802551,"OG144473_35",0
13.3871019434761,7.98885638321577,2.03500860978005,"OG144477_35",3
18.384376235833,-3.64006721980427,3.96101650732785,"OG144515_35",2
8.97856318247671,-29.389978905715,5.53319039763195,"OG144523_35",0
2.74852270538574,-25.0337577393476,-1.74187445035969,"OG144531_35",0
6.42034649291621,8.37088645528683,9.98481334631676,"OG144533_35",2
1.6446651555135,22.7315299285181,-9.67760242402974,"OG144543_35",1
-14.828083125775,19.8687270013974,2.88320321682405,"OG144545_35",4
-19.228608775018,4.4372492576407,6.76722916663185,"OG144549_35",4
20.4847972992997,14.3144432948111,4.44670162229824,"OG144551_35",3
19.0477332615174,-10.7634132434322,-2.91117231619504,"OG144555_35",0
4.16707219709354,-14.6870534806193,-7.79106357606249,"OG144563_35",1
20.7182034649522,7.8568736432912,-8.89018697453472,"OG144568_35",1
20.91247298138,11.3880839997027,9.63268468063684,"OG144572_35",3
-0.85092122923545,-15.5998190638426,0.364310508755142,"OG144574_35",2
24.7189604038455,-18.8565520660009,-6.24519076190189,"OG144581_35",0
22.6239894644264,15.9944297628729,-6.41878355313012,"OG144583_35",1
-2.64602853336849,21.3413868834464,-3.88351395085795,"OG144595_35",4
-2.91210060992033,24.833588036306,3.76575030972926,"OG144610_35",3
-11.0706384226501,21.0962291768284,6.25345384435079,"OG144633_35",3
-43.3362962545278,10.1906270642308,4.81090564524141,"OG144637_35",4
15.8505802075004,14.2436564821294,-0.636348206143648,"OG144650_35",2
32.6168613874656,7.65335521213359,-0.975046941095495,"OG144662_35",2
30.6306587778075,8.58734818727154,-6.7297152914583,"OG144675_35",1
20.425466616652,-15.552256893769,-1.06123806443967,"OG144692_35",0
-20.7957149579504,-17.2138256678952,-13.6014782091965,"OG144697_35",1
-56.0625204977869,7.40689051314837,5.16770829161852,"OG144708_35",4
9.86863500243821,-19.2992773931902,0.946294620678455,"OG144715_35",0
-67.780425585795,1.40080956676606,11.6182396502026,"OG144731_35",4
17.6715757670513,13.6331797381552,-11.9016070012695,"OG144747_35",1
24.8153593420962,-13.9856508519867,3.75950022715189,"OG144762_35",0
-7.63511240569793,23.9973455197103,3.51900043778324,"OG144765_35",4
15.9041245161987,12.9907876900392,-5.77853351722204,"OG144773_35",2
-13.9465764324642,19.8840495060844,7.73673062473481,"OG144780_35",4
5.08956320156459,8.97132697758095,-2.19235730960615,"OG144786_35",1
28.4072001259988,19.9974619070828,-5.07752708542249,"OG144791_35",1
15.9223269459443,-4.04874186422019,-3.24102458440722,"OG144796_35",3
-26.3241347591212,-0.00795507820290673,1.12491019678219,"OG144811_35",4
16.5086347662809,-24.469927103553,2.60919780164594,"OG144833_35",0
4.99980638958476,-20.6676891306509,3.92802704704109,"OG144835_35",3
-25.9215238755403,-5.36552108140913,2.14577545550792,"OG144839_35",3
2.37772378128355,1.66508185336749,4.74522386915419,"OG144841_35",2
10.6915747920976,13.9654016346259,0.352548546403128,"OG144851_35",2
-3.42782084238616,7.62828162237148,-0.132650007551377,"OG144858_35",1
-18.2215463971571,18.3650061654401,11.4749500958171,"OG144871_35",3
15.782982471261,1.42652121355325,5.76311672721618,"OG144885_35",2
24.4136374566924,17.5154659362797,-1.45914907656348,"OG144887_35",2
-3.50193533083718,24.4498067970583,-1.52382433996444,"OG144890_35",4
-43.0023618063807,10.0496075151604,3.70615014675945,"OG144894_35",4
7.66651472007207,3.67485621687204,-8.26314707025159,"OG144902_35",1
-50.6842906406765,10.2786883692696,-1.54982346236383,"OG144910_35",4
13.7667769264532,-29.3908632219063,1.95429742778989,"OG144911_35",0
-4.60930800876697,1.1292375101872,-10.338688466659,"OG144917_35",1
2.76158142032365,31.1237520277652,-1.65053013665015,"OG144921_35",4
20.7245880332349,27.2369826181126,0.807631158977895,"OG144931_35",1
26.7422791787989,7.54925920738786,2.80587523222362,"OG144933_35",3
-35.7335980893179,12.4131914621159,-10.1932237351163,"OG144942_35",4
9.32513849232573,21.5387969440935,-10.1002581538259,"OG144963_35",1
-25.4935067446591,21.0940102675568,-1.67472999170592,"OG144969_35",4
-59.104877137981,6.41161363931087,3.39687107644901,"OG144971_35",4
-2.41541019002736,16.8197231959764,-9.46489448853094,"OG144974_35",1
19.3509146679987,19.6806821955793,2.31093264795175,"OG144976_35",2
35.5412366159728,13.5527983403943,-1.77640615134978,"OG144979_35",2
-2.08298591440323,-5.3408727646145,9.47322521312553,"OG144989_35",3
16.6196853484072,0.976194266012407,3.61984186067579,"OG144995_35",2
-8.92393214353324,10.7967221523988,5.40810695609386,"OG145008_35",3
22.1567962829374,22.8915645267169,-10.0225234878217,"OG145015_35",1
7.24593907978598,3.48306265390618,0.128643516499478,"OG145027_35",2
-38.131226352478,17.105141791979,5.2940621511286,"OG145044_35",4
6.07462365939004,10.4801852953709,7.73203819586818,"OG145048_35",2
11.1644076238078,13.5175315597047,0.485919620758746,"OG145052_35",2
8.4348069091276,11.9036902183154,11.969914629312,"OG145054_35",3
19.7447666646197,-15.0515704279639,-0.699794939611549,"OG145060_35",0
2.93591227183731,10.3205655852393,4.81655312696885,"OG145069_35",4
12.333496133134,8.78289529496656,-2.32259693273542,"OG145090_35",3
-93.6860773487966,-12.4261661009822,6.69760146292402,"OG145092_35",4
-38.1762639526239,8.58127506022425,1.60218150173096,"OG145093_35",4
20.455657278613,-7.72519951105112,-1.04381886382789,"OG145097_35",0
2.78358215544065,22.12318800544,-4.52162301585848,"OG145104_35",4
25.7528470910171,1.59073033982064,0.70406724404139,"OG145110_35",2
2.58195908357495,0.105675785009654,-11.7540775494093,"OG145112_35",1
-0.341101492942968,22.6605580793277,-3.47614616330071,"OG145114_35",1
12.4426146486441,13.4969440102138,-6.22037971604967,"OG145124_35",2
8.18538911486332,6.7896583768507,12.8262504943427,"OG145134_35",3
-3.10650445346185,3.49769939176836,-12.3634225649479,"OG145135_35",1
8.23671820708974,-12.1863959031908,0.163531881340034,"OG145139_35",2
11.7541670462163,2.28086280770978,-3.73690714415644,"OG145142_35",2
-15.6207751800747,15.376244194379,7.67897438826964,"OG145149_35",3
-22.679835740211,0.825472864093595,11.2118000571101,"OG145151_35",3
20.2128174312959,10.6421497890687,-10.854900120326,"OG145156_35",1
18.3354207208805,15.8516903512386,2.00425124783367,"OG145163_35",2
-7.19069456792877,26.0138310194947,4.07727643888734,"OG145171_35",4
19.8449219332173,5.1433850395654,10.2989532243063,"OG145176_35",2
13.7327191236129,-3.22982140075827,2.31244549866539,"OG145180_35",0
13.2674410792077,13.3268854583861,-10.1194749621252,"OG145190_35",1
26.5926390882718,7.74402556246594,-5.24129486255796,"OG145196_35",2
8.90606877967357,-3.12521692942188,-6.29546278765301,"OG145199_35",3
7.69790413923285,-23.5251278211909,-2.11419998385465,"OG145216_35",0
17.3300964015989,-9.645548378333,0.382528771493413,"OG145222_35",2
-16.7623151565468,20.6153882222625,-1.34090381541467,"OG145232_35",4
-8.54364912888713,15.6631763065659,1.84320341766255,"OG145246_35",3
13.8433851867931,18.6848721880096,6.57609686276547,"OG145252_35",2
6.74883949468391,26.4560393248317,0.0578621700503466,"OG145254_35",3
-1.19239295333851,27.1768515361724,4.0547691131023,"OG145264_35",4
13.5346629081405,-22.5394962210823,-6.08655250087215,"OG145266_35",1
27.4559116986729,-2.2880803611279,2.44925657030258,"OG145279_35",0
13.4339451264213,8.37870073670536,-10.0817211765298,"OG145281_35",1
13.7390057639576,-29.6498470331391,-0.401972720892397,"OG145284_35",0
-6.25257527940366,9.02953894432506,-2.21169407147594,"OG145286_35",4
10.6665861915861,27.4979017970799,-2.85980547430876,"OG145288_35",3
6.4685720709683,10.33610546539,-2.51889680396084,"OG145294_35",2
-6.36675418915652,15.4143608888644,-0.988975471288245,"OG145296_35",4
8.73666457806947,29.4966647584797,3.69718189572569,"OG145304_35",3
20.5337569960741,-3.76777038494245,5.91739442281924,"OG145311_35",2
16.676372801002,-22.0289165581825,-1.36563855593273,"OG145320_35",0
-5.35889344453198,20.2852879417166,-3.56185042766757,"OG145322_35",4
12.8341847689136,17.8904068564882,-9.60513932487512,"OG145325_35",1
2.62484522951759,2.18323763835991,13.0836226637683,"OG145327_35",2
-41.3937127134719,13.7606258273756,0.857471592425693,"OG145329_35",4
-14.0479567490673,16.562489792925,-2.8328650667421,"OG145332_35",4
2.76844599584133,2.07378530593566,-7.93564246748379,"OG145336_35",1
7.07008916924867,-22.5932707342788,-0.817569145270295,"OG145339_35",0
16.8890359233133,21.5432653458159,1.25482357862924,"OG145342_35",3
-24.8005762795533,20.9952749489952,-1.52425098558238,"OG145348_35",4
-7.93494743552897,11.1274227018677,3.94873424115109,"OG145368_35",3
15.2377680526116,27.8110343315526,3.07768996375392,"OG145375_35",3
-1.1839459144986,-2.51737254068255,-9.40049833521619,"OG145381_35",1
1.77341631532154,-33.5542519075689,-7.0224251134462,"OG145383_35",1
9.01036721390197,-2.9676418782156,-5.83829276116415,"OG145385_35",1
9.87755540980004,28.7389299147163,-5.43198951570355,"OG145387_35",1
-6.40434854574842,29.3574510043842,6.07006426554469,"OG145392_35",4
13.634153393329,-15.1011571376494,2.53695457491425,"OG145396_35",0
7.94234744364164,5.02395822059066,3.53099690284052,"OG145406_35",2
28.6594066041952,-4.42329672888639,5.26118028757901,"OG145415_35",0
14.2320414755744,-12.238887312384,2.56787290681769,"OG145418_35",2
7.65396879796298,6.59299640504849,-6.15006718626248,"OG145431_35",4
18.4205410978906,4.48514489639814,-2.85062800084154,"OG145433_35",1
16.7021283184485,-6.85077562892906,1.39373260328268,"OG145435_35",2
-2.62491586972188,21.3041094865242,3.50519425741916,"OG145441_35",3
18.7501375267928,-4.19817231816683,6.48889416704905,"OG145445_35",3
0.399339279750615,11.5071307104121,-3.65896161470708,"OG145450_35",2
-5.69899032432082,13.9505001713417,-16.1276211122865,"OG145454_35",1
-0.209474485238439,19.2906265382589,-9.43548808479458,"OG145459_35",1
20.2234626601842,-18.373069469836,3.49991505211795,"OG145464_35",0
14.9825812792855,6.61070479351403,0.449939442569011,"OG145475_35",2
-11.4974040681704,23.6772402566869,-3.56197808092675,"OG145483_35",4
-10.6124612152028,25.9863710794503,0.0194574214771406,"OG145485_35",4
15.9558127949864,7.67605668780765,-5.42907155154883,"OG145488_35",1
16.7435646520666,0.881644499082195,-6.97865527124379,"OG145492_35",1
22.8481064404229,-9.60924127652532,-8.78628436783175,"OG145498_35",1
18.9882079375068,-6.75107696092226,-10.243388615673,"OG145499_35",1
-5.74089645908796,19.3650281243222,1.64819374286273,"OG145537_35",4
-27.4461224973816,13.7152903633443,8.34169900325969,"OG145540_35",4
10.8747789605692,6.1828493358075,-2.2983114669231,"OG145544_35",1
25.7823679682171,0.915810059038794,7.46705778508168,"OG145549_35",0
-22.2192766715554,-15.2139724514312,-10.7817426074985,"OG145553_35",1
16.4912015495026,-7.01907646118466,-4.27774709120256,"OG145556_35",1
-19.0852246111062,1.59924262059295,6.0393817597604,"OG145560_35",4
-45.4299816991217,13.0164561858629,4.56961924320668,"OG145563_35",4
-3.70261000185916,24.0734834380977,-3.41860058083934,"OG145568_35",1
26.5182570023347,-0.866110276128211,1.62903822249025,"OG145576_35",0
0.139263803189582,2.91760197187667,-10.0422444271374,"OG145583_35",1
2.15726274383194,12.4015111128978,6.7977094457741,"OG145585_35",3
-27.3542970476613,-61.4103835865649,4.03650478980425,"OG145598_35",0
-5.23274444083844,23.4071337035494,2.73118941045617,"OG145600_35",4
3.09265154559001,6.32839997475323,-4.32885406281363,"OG145601_35",2
-3.46484626980409,24.7001208447496,-0.909571475260752,"OG145603_35",4
18.8928503166576,1.40008458241018,6.88110936753452,"OG145608_35",3
-14.2259871071875,18.2677485170143,-2.10591697400385,"OG145614_35",4
1.69920758327729,-24.2647094532502,-1.11916505997103,"OG145618_35",0
21.8733137278042,29.2296747208331,-0.305288255514482,"OG145624_35",2
-0.77024395559554,28.1665685694999,-0.69088049065454,"OG145647_35",4
22.1326316017041,19.7090024142143,-5.40291418126257,"OG145652_35",2
-13.8290853911599,17.4301707158813,1.28429915444356,"OG145656_35",4
-22.6444198745296,18.5889392548128,7.49183863541464,"OG145659_35",4
-31.8759101928016,1.0800654203161,-5.5012722012261,"OG145665_35",1
4.24098138001776,27.8025639867008,8.25673418087603,"OG145667_35",3
19.4111711969437,8.86782084990451,-2.99651645110655,"OG145672_35",2
-0.145748378401856,-34.2370770208063,-0.684253906922128,"OG145684_35",0
-9.05790049687073,-44.4389776434643,3.19497921187452,"OG145687_35",0
-26.6619760653788,19.5874017051322,2.10855312618486,"OG145795_35",4
-13.6978503843236,-1.94900834820091,-7.14821915894953,"OG145798_35",1
14.1672320727037,9.47585922454632,3.39969947789709,"OG145800_35",4
12.2477670249682,-29.7478366127891,2.96409626783096,"OG145802_35",0
-1.38665512782983,14.6340896368139,-9.7584258465909,"OG145808_35",1
9.67035894795635,-13.9726922417322,-1.0342009916661,"OG145815_35",2
7.64590196342104,-33.5833228351506,1.24793669838585,"OG145820_35",0
-28.4078577206374,20.8104560548666,0.0542108981137739,"OG145821_35",4
-72.7654439726013,-24.8139186301397,-15.10937828908,"OG145825_35",1
7.59007903170378,-26.8574695166438,0.137807644356799,"OG145828_35",0
4.34530455349592,25.3624713737523,-5.9017151202861,"OG145832_35",4
9.50700622282762,-22.0507802082961,0.0678227238146513,"OG145833_35",0
19.0210634204709,-13.9227450646008,3.80171975939822,"OG145836_35",0
26.3166999091075,-3.42497890295061,4.76564073417637,"OG145840_35",0
-59.1237665913676,12.3457553165561,2.99400956333897,"OG145849_35",4
27.8930640279107,5.66411035552677,-8.8368988045338,"OG145859_35",1
14.5295590774459,-12.2995155062853,-3.71841944461575,"OG145863_35",1
7.11446301570772,7.85292579215574,4.69841857909336,"OG145865_35",2
-20.7073104979362,19.147048592136,11.1191424642747,"OG145867_35",3
2.23352497326096,6.68466137793879,-2.72751138647364,"OG145874_35",3
-11.4642521898158,19.9113856189854,-5.93790183634715,"OG145880_35",4
-8.12112577781895,25.2304087714324,-9.07926814657741,"OG145882_35",1
36.2860625319044,6.62044625956858,5.32846334513541,"OG145883_35",2
27.6005413126186,5.09371639757752,1.82199273759226,"OG145943_35",2
-12.9818866563165,-30.1061982385647,-9.38465508189147,"OG145947_35",1
-10.3455562277199,-23.3934965826618,-6.63579885698896,"OG145955_35",1
19.7344844883851,7.77571837268054,-2.09037602969295,"OG145962_35",3
20.3975666315161,10.0856393864792,-3.382121766245,"OG145968_35",2
24.8338555500266,19.4214074193764,-3.64657020858453,"OG145972_35",2
-36.2561544998241,16.5474331757001,6.5910816580034,"OG145975_35",4
-2.53159371832068,-46.9606071428605,1.97098582460312,"OG145980_35",0
-37.9602494621915,13.7083974196621,5.58668158199969,"OG145984_35",4
10.6457246315278,-30.2769444300571,4.14419554352282,"OG145988_35",0
11.2297209756573,7.16603112204502,8.56504178031145,"OG145990_35",2
25.94519915076,-6.3594979685565,0.613487448121395,"OG145991_35",0
29.2558468400737,6.00419375706337,-1.31058204010091,"OG145997_35",2
26.8477870178521,-10.9247348889048,4.16145808782239,"OG145999_35",0
7.79017593847176,3.93833511177394,-3.92859248723527,"OG146002_35",2
-4.16603270646136,3.6660101539771,4.0227433089574,"OG146007_35",3
22.3130240631327,3.1626078523865,0.189911171197869,"OG146011_35",2
-18.6205803944034,2.47952903992339,17.3025377311144,"OG146014_35",3
10.8470612100053,-0.80178836683587,-11.8444577341495,"OG146016_35",1
-14.0794171836977,-8.39350820373803,-13.487442898108,"OG146019_35",1
9.55384016331958,18.1916543201214,7.89502328626947,"OG146021_35",3
-16.2285626618903,-21.5865066352815,-13.4364315156015,"OG146024_35",1
-54.6464214557569,15.0873584241605,2.52161576342321,"OG146025_35",4
13.2785684797518,20.9294260383738,-1.26226186429339,"OG146029_35",2
-0.977331414028349,25.18888811346,0.435358212209957,"OG146035_35",4
30.5115151280297,23.7018968057167,-0.921604474297805,"OG146043_35",2
-41.8614173571291,-20.9654134719311,-6.80132881295072,"OG146047_35",1
-47.0863087608812,16.8991984265984,-1.54235141528266,"OG146051_35",4
8.16380454764785,-13.096234902014,-9.74595306300202,"OG146052_35",1
-27.6221377667794,17.0036003185698,-5.96120817596089,"OG146053_35",4
-25.2459961642549,15.8302274594249,6.50469914996112,"OG146055_35",4
18.4531683688088,-4.10429602195382,-3.45117410566048,"OG146056_35",1
11.8088535051289,-6.853540689271,4.14031707128494,"OG146059_35",3
-14.1338680377533,7.85986461645368,-16.3954360416715,"OG146062_35",1
-34.3622289129639,12.0044157673457,-12.7276517039048,"OG146066_35",4
3.92260669021547,23.0012558201863,1.75849630541863,"OG146069_35",2
-2.51034709067907,16.7660054627117,6.66274688223882,"OG146072_35",4
0.5288516362826,8.18625802697708,-15.3639933845212,"OG146075_35",1
-12.5643031105812,-4.86359329027615,-15.7216760185718,"OG146078_35",1
4.67475132849908,21.5691463613014,8.56401517689935,"OG146080_35",2
4.63414968775065,17.5568805916915,-3.50668451807879,"OG146085_35",4
23.4672952488003,23.5229870257821,1.48217357999366,"OG146087_35",2
-6.98058618861024,12.4196850431789,-8.57296921936955,"OG146092_35",1
-14.5883409206405,-47.7478118398144,7.07439659781423,"OG146103_35",0
-15.6554196275705,2.33529218575904,-3.18356878662584,"OG146109_35",1
-40.3040796318222,-9.62844782751858,6.06382092611364,"OG146114_35",4
23.8725034890999,-8.02335393638136,0.156108371003145,"OG146117_35",2
-13.4866197595408,-33.1945805648593,-16.9598110925011,"OG146123_35",1
2.40826973205064,1.93200004872811,4.26711190584997,"OG146126_35",2
7.57332876947739,-31.5515748277826,0.983948533386988,"OG146130_35",0
32.4916298894422,3.76716746192949,-2.50399874098471,"OG146134_35",1
-3.08368999884984,25.1494707672447,-1.2720839996718,"OG146136_35",4
16.2792852345088,1.8463418989242,6.18195959832588,"OG146143_35",2
-24.2078532635958,17.3548958050417,1.34959271724887,"OG146145_35",4
-18.0760345633606,-36.482186661837,-8.1170431105848,"OG146147_35",1
-17.6702647356993,12.1177726075951,-2.43433966854632,"OG146165_35",4
-28.9492831641088,-15.9485883070592,-20.3182860025186,"OG146168_35",1
-29.4973556746152,19.8043114192131,4.67226207284573,"OG146172_35",4
-60.9528945206748,-2.29426443041927,0.212436867533456,"OG146174_35",3
-80.1035972999919,-5.6889574888794,3.41210434539296,"OG146177_35",4
10.6060563897395,9.90947341439217,-1.33127343203092,"OG146179_35",2
-29.0469770323536,-37.8915056010333,-1.51933288230597,"OG146181_35",0
-12.5577099226477,23.9470591927883,-4.00483971359341,"OG146184_35",4
15.0376222693585,-9.25718899493345,-8.03682820148935,"OG146186_35",1
21.1853762199478,-7.44677347737123,-5.3197633540941,"OG146189_35",1
-26.0362376398435,17.1705795338059,-10.1168030634078,"OG146191_35",1
-51.1979973041556,-29.0856601811341,-8.08977336996487,"OG146195_35",2
-12.5422893795854,3.27492056457886,-9.33069504887727,"OG146203_35",1
-25.1872698004735,22.0409945330164,0.182324025873385,"OG146205_35",4
20.2202249623318,6.47709080942152,-2.78767719005569,"OG146215_35",2
-113.407672189574,-24.0763230641638,7.0782381039974,"OG146221_35",4
-4.5236195851534,2.44245505249608,5.43861271027342,"OG146223_35",2
20.5055030158864,-1.33564445755405,-3.40456450269715,"OG146226_35",2
-63.6611921215025,8.31018094706146,6.07862908732162,"OG146228_35",4
22.4255173483249,12.8273482851411,-10.2567869733221,"OG146232_35",1
23.9826737060649,-10.4561024901071,-3.74935780169951,"OG146242_35",0
22.0653288788283,0.631114563511227,3.47958366762584,"OG146248_35",0
-5.69909500453833,19.6665827795349,-6.64787472475391,"OG146259_35",4
25.8584945869803,21.9199813537154,-3.60699581628709,"OG146263_35",1
-53.9770543492724,5.97378665652572,0.513010331166236,"OG146265_35",4
9.06612042738989,23.2657443898152,4.96149459369092,"OG146272_35",3
7.46917843933344,-0.502356471946942,0.783829363167386,"OG146274_35",2
4.79188343632172,-34.131294634366,0.438709412724148,"OG146280_35",0
-37.9710551250185,16.5120186640469,3.54894002916491,"OG146283_35",4
19.1657543704323,-19.8833944781044,-4.2006800739518,"OG146285_35",0
23.6786693725065,8.70789989647783,-6.88927126972251,"OG146288_35",1
20.4427549507017,-11.5436603778672,-6.83983664778026,"OG146292_35",1
4.46195651571286,12.081277135345,4.05613089130059,"OG146293_35",2
2.90788511218182,-5.19405352258535,-9.24954781443989,"OG146294_35",1
-15.4733689588113,6.2099770514704,5.20022039335316,"OG146304_35",2
10.590950616742,29.4296737912762,-0.183202136441071,"OG146306_35",3
9.72220648906206,19.2510817871018,3.34750760930925,"OG146321_35",3
-23.5400340851286,2.77513878310922,0.532280168596885,"OG146323_35",4
8.12132126181322,-15.9735307905857,-1.05547999782138,"OG146329_35",2
5.1456060887873,-39.715620868685,0.578416664171107,"OG146331_35",0
15.3264890141735,-10.1706708982875,3.44280110641249,"OG146342_35",2
-30.3935869112359,18.515885987345,1.85254263355224,"OG146344_35",4
3.76425261032207,-38.8834304217967,4.21686424372629,"OG146346_35",0
17.3658298556845,-14.2337434949348,-1.05482518847781,"OG146350_35",2
21.9261646987099,16.5168111656991,1.40491317997145,"OG146353_35",2
-17.0711496517354,11.9666252494966,-14.4360562923729,"OG146354_35",1
14.7110280950659,17.9444702653115,-7.29416758837449,"OG146355_35",1
-3.69734280392136,14.5002485231308,-9.86295608770719,"OG146358_35",1
-19.0747748309521,18.3466236861373,7.26306749172814,"OG146361_35",3
18.3618484074858,-19.2944328503682,0.952483745925594,"OG146368_35",0
7.20734782721275,-37.7560461613263,3.17057684963571,"OG146372_35",0
-23.0012241188803,4.96909590030402,-3.07482837723105,"OG146377_35",4
-5.75545319656542,21.0743611324296,10.3804940291787,"OG146406_35",3
-30.64657727646,11.3922318796005,3.49747205844662,"OG146408_35",3
-3.50368341796585,7.47381511457289,10.0483509735484,"OG146410_35",3
9.39064433178582,-4.14883227879706,0.0814306898004197,"OG146414_35",2
5.742456701941,21.6317259365053,6.28569616949609,"OG146416_35",3
-43.3880455803037,10.8643779191093,7.98943585951373,"OG146418_35",4
-41.3451278293961,6.94413147156824,-2.82977182631427,"OG146421_35",3
5.78805384444516,-35.0109247893514,1.75118356236559,"OG146424_35",0
-73.3449376349953,-1.34020316336792,-6.72358607402239,"OG146436_35",4
0.843961442225611,19.4773903821948,-0.0725291077254411,"OG146439_35",2
0.226663964822454,21.9053794286682,0.303869124339489,"OG146441_35",4
16.579283486298,23.3881438236433,4.02058178211193,"OG146446_35",3
16.98263904681,-21.0885544918964,1.25409540322568,"OG146465_35",0
-1.49832486387368,-43.4177219139451,2.23083324092527,"OG146468_35",0
-23.7111085088077,15.9626169861162,3.37538238651238,"OG146473_35",4
2.63963841003154,8.26936446884391,6.44788085330081,"OG146475_35",2
10.9372408112436,-23.0595423177578,1.07385237020325,"OG146477_35",0
-12.3142150146732,15.6054364018218,6.06649075235769,"OG146481_35",3
-19.1693635234265,-13.9405309095672,10.4081859614423,"OG146486_35",3
10.3976043019286,26.2807788313512,-4.21678507942592,"OG146501_35",1
-9.9338720327784,17.3109384539809,-13.6675178007147,"OG146504_35",1
-18.2626822298422,20.7053562726427,2.85984199260249,"OG146508_35",4
0.592426254208748,6.90157889320106,4.46702687943585,"OG146509_35",3
2.8126897977984,20.7129056031228,-9.67350871668606,"OG146512_35",1
13.3771821007641,-22.8175957455433,-1.69851324894519,"OG146533_35",0
21.6071249499137,-20.6308704653592,3.43404834640698,"OG146535_35",0
-58.8337796754538,-7.88676068183852,-11.6206676806328,"OG146544_35",3
4.28839675108119,-35.8230173554087,0.844589973162699,"OG146549_35",0
-2.2559836519356,15.2276681125504,-14.8504707174069,"OG146553_35",1
-19.3008298430404,17.2036996021638,0.094497708816619,"OG146559_35",4
-35.3491882850978,10.3793443760686,12.3557958155289,"OG146561_35",4
-10.7283965872904,-5.3333202278162,4.24160352301348,"OG146563_35",3
-18.350554798745,-57.9239820064014,4.63372753207325,"OG146567_35",0
0.937371874718646,-12.67362157451,-13.6232245667152,"OG146572_35",1
-44.4779349370967,10.6577558299532,-8.83069724775057,"OG146575_35",4
-14.5737867954966,-13.1909561458443,-10.557701946418,"OG146578_35",1
-45.5583394264913,4.83054965177757,8.89933168128824,"OG146581_35",3
-17.1014908939713,3.30104263800197,8.51549659172354,"OG146583_35",3
16.6135900733966,-27.6567239408406,-1.2796152226147,"OG146587_35",0
-27.7136693400042,7.22605283743489,-7.05631614294834,"OG146588_35",4
19.1788035226048,8.99448921141578,4.21667916346449,"OG146595_35",2
18.081637353735,17.6730792607474,-0.82860623371114,"OG146598_35",2
16.4121976201478,20.4721158621324,6.12636312634186,"OG146600_35",2
4.34366223481995,-30.1864726818115,1.08482902368013,"OG146603_35",0
-26.3924230362707,-44.4398357545504,-4.22459739814751,"OG146606_35",0
28.7918531582481,-5.60486297986997,2.69177879973833,"OG146607_35",0
-26.5626193864779,17.3882329666863,3.17731404728898,"OG146609_35",4
16.6847713482144,10.663326269605,-10.830109193609,"OG146613_35",1
-38.0816572983003,-43.6533937697217,-13.3791387967593,"OG146617_35",1
-11.1854256867575,-25.4421300858412,-12.6293932348722,"OG146635_35",1
10.3419288140578,-5.82230392640033,7.21103269614899,"OG146638_35",2
-35.5398312877912,18.2454936258947,5.42601376459607,"OG146640_35",4
4.47172072087979,-15.8000765542549,7.37472003752427,"OG146643_35",3
-37.136765716501,17.9754203028354,-3.70934923911774,"OG146644_35",4
-6.63809398452378,15.9267386573294,2.50229901595971,"OG146652_35",3
27.4964065954911,0.0945097337361358,1.78638851865274,"OG146655_35",2
-12.7515370875966,-48.1061328392801,-9.12120179083609,"OG146668_35",1
13.0646962182212,5.40676471476719,0.221093709683105,"OG146669_35",2
-15.5987087127678,25.2477414111705,0.457421082587695,"OG146671_35",4
1.57520050679476,-20.7670960241319,-2.51938702833837,"OG146675_35",0
-2.33122109379643,19.6552401000293,-4.97868513155319,"OG146679_35",3
-14.3214973781194,7.89575959096597,1.61132700074775,"OG146682_35",3
-81.8984675524401,-2.69859609797964,0.196224510261131,"OG146685_35",4
-6.25370489847093,2.91200646857905,-14.912949516202,"OG146687_35",1
12.4291231006147,-17.2041415307864,1.60397165150005,"OG146690_35",3
28.9674366534389,14.92627253173,2.55805031520089,"OG146694_35",2
14.7914510464363,-21.5268569360846,4.20988062834574,"OG146704_35",0
-38.4735520359627,11.2063264208147,3.91201493721809,"OG146705_35",4
-51.1317329071206,9.33852816212934,-1.99225990970135,"OG146708_35",4
19.2904356424195,-20.5810338914202,3.3776988878146,"OG146716_35",0
29.4508792662829,-1.09587954921485,5.43483196657842,"OG146719_35",0
10.5290567318202,-35.7266462367136,0.816314551963826,"OG146722_35",0
-78.6894206850894,1.51254965454385,1.7174982423539,"OG146724_35",4
6.27584407417657,2.98645805325871,-0.219791480051529,"OG146727_35",1
-8.06937582454425,-11.7960850865163,-2.41925262929603,"OG146731_35",3
17.1485513897857,23.4850231709199,5.49682385079591,"OG146733_35",2
18.2575072655837,-7.38585330235887,-6.57561595149372,"OG146754_35",1
-33.0590498469422,14.2393637618097,0.41483908321568,"OG146756_35",4
-25.0601309912756,-3.45913558444153,11.3010911072439,"OG146759_35",3
11.4018850864238,-7.12968347960006,-4.28306699077696,"OG146764_35",2
3.78247252124606,17.1041280430262,-6.04936580986588,"OG146767_35",1
7.13849667015644,15.4488971236951,3.7242879268418,"OG146770_35",3
30.7999750683648,16.6308300633447,-6.77434084793608,"OG146773_35",1
-56.2378115728267,7.5977736955185,5.14367436488542,"OG146776_35",4
-29.2385670063355,13.4984936439811,9.58244963909759,"OG146779_35",4
20.6646806694919,-7.53882598481149,-1.34505004382686,"OG146785_35",2
-23.2111543234335,8.13632348940019,10.9760115540567,"OG146787_35",4
-8.20419053446828,-38.4944064646025,-6.01862661587645,"OG146793_35",1
-10.3904700684938,22.5730222248926,8.3578449373611,"OG146797_35",4
-53.9881111456404,10.2400877253979,-5.21515036935442,"OG146799_35",4
18.5253435507073,-7.65181531077894,4.17280263143971,"OG146803_35",2
-55.0122416872116,11.3384454571298,5.24752355875712,"OG146805_35",4
1.24879502724645,12.7089097836294,-9.97784085148437,"OG146807_35",1
-15.9175020858846,10.6613218719468,-1.88329881520542,"OG146810_35",4
-10.9696680548292,14.4906415243526,-9.21890637123976,"OG146815_35",1
16.0527566392439,-2.06602444600239,2.51450910317967,"OG146819_35",3
0.422855645328803,19.5623840705645,-2.3294688839669,"OG146822_35",1
-14.5709954939623,14.515754392319,7.53962687847686,"OG146824_35",3
-16.4158284185123,-29.599713528645,-11.0850232595871,"OG146827_35",1
16.076992506274,-5.25349524160519,-8.38445020354829,"OG146830_35",2
-11.241123034042,-48.9969472504462,1.97327755738164,"OG146855_35",0
-12.2585038260633,5.327509725539,10.5879824852338,"OG146856_35",3
24.87631905372,10.2335057030415,0.672899454126808,"OG146858_35",2
-83.3359590452569,-1.29458380228399,4.77343159772663,"OG146860_35",4
-31.2820141946318,5.22641559002746,11.9485391937918,"OG146862_35",3
11.7732407384494,-0.625438450695878,3.04503118965053,"OG146863_35",2
-22.8082949299768,-5.06563531034372,-8.26509588035703,"OG146865_35",1
-31.7383758098212,16.5482206871185,-4.11408687507917,"OG146867_35",4
-21.7898198743219,7.60955399278736,-6.5378917049234,"OG146870_35",4
-0.0375525783738181,6.73148567330732,-1.0123611000883,"OG146874_35",2
15.7405576329465,12.0592476621138,-6.98339471074436,"OG146886_35",1
0.355312510799369,18.1253956414488,2.01073184434313,"OG146891_35",3
-19.7030042239392,19.3900814127382,4.7459719572653,"OG146894_35",4
13.1234912805676,31.1814195019946,3.44341500114681,"OG146899_35",2
-36.4625857781522,19.2762671429336,5.49187764265297,"OG146904_35",4
22.8203383976393,-10.233680149687,3.58606296911289,"OG146907_35",2
14.5165861605567,4.04045665031708,-0.937339335347771,"OG146911_35",2
-8.16025251743998,2.78991834458436,-2.07326534066594,"OG146913_35",1
-30.1630813987951,19.7022370163862,-1.78186454246504,"OG146916_35",4
-14.7303129116722,23.8016323854985,4.27468379513118,"OG146918_35",4
-32.9033513667293,17.854932183073,-5.53732265598003,"OG146921_35",4
12.4084061484202,-15.9327730390992,3.76597871773596,"OG146926_35",0
-32.2658173612993,20.2292904780813,2.7425514505931,"OG146930_35",4
-17.513196739938,12.3103781063047,6.87563389030043,"OG146932_35",3
4.58215163366305,-2.67131162950239,1.05216524980423,"OG146934_35",2
-6.88060211317377,-24.494405426299,-13.4352329581461,"OG146939_35",1
-61.5292143760449,-0.609466804091059,-5.20350610158492,"OG146941_35",4
-36.7659872466851,8.79792400903616,-8.03685412708898,"OG146942_35",4
-50.8307079361455,5.78111385938724,-7.01212676755603,"OG146943_35",4
-10.3658560132862,-13.5951415962655,-0.174545108124247,"OG146947_35",4
37.2598781563125,10.1349690683162,1.57668945708583,"OG146952_35",3
4.92778321823578,3.84624279985663,1.12440918047859,"OG146958_35",2
12.6539672093279,-8.12102339068775,-5.5714147219316,"OG146959_35",1
-59.3720913197491,0.139630296187064,5.92603179606581,"OG146961_35",4
6.50696227869327,6.67250249939441,0.25632837674854,"OG146965_35",1
-58.3345006808154,9.29564911066616,7.84396893061658,"OG146969_35",4
-30.1885678067498,-6.43683309457978,-18.1332772387489,"OG146972_35",1
14.9570037556107,16.1433665903665,6.45566615716004,"OG146975_35",3
-17.4975578770822,25.6382716981986,1.65383531549779,"OG146981_35",4
20.9683342332452,3.63846851938878,7.49231766753719,"OG146986_35",3
29.874206565618,11.1977158171239,-0.003622863451948,"OG146987_35",2
3.3857631837634,8.99584986263962,0.971980609232379,"OG146991_35",2
21.6513015794682,22.1659258214545,-0.958126871452354,"OG146993_35",1
-19.9357192520847,-60.1990269973101,5.43154816544228,"OG146998_35",0
-91.4761796644477,-58.597237953463,-28.8998724009432,"OG147000_35",1
-59.1405410677659,6.81043776781718,-8.12053397778174,"OG147003_35",4
-7.06010309575978,-3.62555313497253,6.92492004795484,"OG147004_35",2
-5.81955261428056,16.5216465304207,-11.6375378730277,"OG147008_35",1
-7.93907998190311,8.81363285064866,-7.19799547268741,"OG147010_35",1
-43.6734756601229,4.63244026551173,-2.52931285423379,"OG147018_35",4
-7.74949651145312,1.19533591621635,-11.1655925134589,"OG147020_35",1
-11.6944708606287,-19.1126429206892,-10.2095025435631,"OG147022_35",1
8.80487934899943,-36.3205675882458,1.97189854056714,"OG147025_35",0
32.2794106932131,5.82814182357557,-2.15446790737975,"OG147027_35",2
14.2187871212884,7.26316439309713,-14.0801291660008,"OG147051_35",1
0.00962244414281987,15.0625138264699,4.73323955340529,"OG147054_35",3
0.0975992725501642,23.4853803036983,3.72117621975183,"OG147060_35",4
10.4570050730469,-7.5614068572132,-9.80239779310298,"OG147062_35",1
4.26361548701107,20.9970868083781,-4.49390427215084,"OG147064_35",1
17.676319840461,-15.9487997926234,3.91771056272503,"OG147067_35",0
-21.3725480428228,-1.63396289949777,3.2674713015199,"OG147075_35",3
-9.1481635816534,-48.5922133743849,1.91422750233603,"OG147079_35",0
-7.07851047161823,-54.5483423083774,2.17831196381101,"OG147084_35",0
-59.0724143960602,3.86615650857124,1.36229892015742,"OG147087_35",4
21.3520165618684,-14.4766092388807,0.181789347410025,"OG147089_35",0
-8.90978842537718,-3.52529293378675,5.53980746432218,"OG147092_35",3
27.5198939723129,-13.6686073453049,-2.43882608139142,"OG147096_35",0
34.6603089582113,13.5406710490563,-1.05126914666713,"OG147104_35",2
-71.4645087204453,0.201030191607083,4.84670952800794,"OG147110_35",4
-16.4913553114831,20.1307176116302,0.250327904235263,"OG147113_35",4
-10.8439070095259,-31.7640567723579,-4.28992163177113,"OG147117_35",1
-48.5634302072247,12.121439758748,2.43019647335901,"OG147122_35",4
-6.15361097726629,1.42945562571777,-0.439663148282328,"OG147124_35",1
-11.5031120938924,-58.7151575454777,1.65385974231531,"OG147127_35",0
3.00351112230391,-34.7970046847472,2.68584773211854,"OG147129_35",0
-21.0910706393421,20.1080767892996,4.18933504515592,"OG147131_35",4
20.4143725026042,-6.85993422406318,-0.351856788404924,"OG147134_35",2
-4.64853803342325,-45.4802486472829,-0.442928827084709,"OG147136_35",0
0.248400214200455,-30.2494056508037,0.975327271751312,"OG147137_35",0
-15.9711474359999,4.5300949140984,-10.3074704460317,"OG147142_35",1
20.5348965182558,-12.6204616158822,3.78085142883122,"OG147146_35",2
-24.5125836620324,13.8937160061051,-11.5855458181841,"OG147148_35",1
-11.5128577737811,17.7257956135816,5.89916695756178,"OG147151_35",4
-2.64201346856206,5.09570290618573,4.15948707541225,"OG147155_35",3
11.1866397111886,-11.2190323690122,-7.62215129740024,"OG147163_35",1
-3.86819148554166,20.6696706709693,-1.22886047684875,"OG147166_35",1
20.5561757013021,-2.53094553464926,6.66781502318723,"OG147167_35",3
17.9289552510452,2.18452396983237,0.0586376677984799,"OG147171_35",2
2.83714295659658,-17.4938057046745,-3.96107707204196,"OG147173_35",1
6.01526898667871,26.4586696718726,1.22379951981374,"OG147176_35",3
-37.5759404067646,11.5483479705068,-11.4838914378107,"OG147179_35",1
-35.2648408044086,18.0354062220279,4.62390577319313,"OG147187_35",4
-37.7538425267441,7.08737463940093,5.64097683321405,"OG147189_35",4
-48.0509378788972,14.3295682084495,6.88489983270538,"OG147194_35",4
-17.942238664673,-64.2681642783897,4.24148633135476,"OG147197_35",0
-7.25886606833771,7.84017564858246,5.87088168873077,"OG147198_35",2
-5.07951963592848,4.86135416146279,6.41324638940699,"OG147200_35",3
26.3859508896453,-5.62642818859967,-6.64851565246264,"OG147204_35",2
-61.6061269716519,5.8045596399264,3.04295171967373,"OG147207_35",4
-19.5995608155763,10.3474832122564,-4.76787442238977,"OG147210_35",1
-17.0502047007911,-9.34192729420171,9.2283534044139,"OG147213_35",3
-46.1393650100947,-6.84479586647767,5.04065621193557,"OG147218_35",4
-87.6511115100304,-10.5681743248819,-13.9833705591058,"OG147222_35",4
-55.6306632794003,9.50862864446982,4.73130523366148,"OG147225_35",4
-30.9500754761098,12.1692374036926,-15.1564988983511,"OG147227_35",1
-13.8987910292583,5.12100760079776,-1.56679652431948,"OG147229_35",3
-44.59593613946,4.9694970802673,5.64060382779444,"OG147232_35",4
-0.206220251946951,-21.0988527582694,-5.63975234151794,"OG147235_35",2
-0.525589711672431,13.2884798251762,-10.5865892592587,"OG147236_35",1
-8.75700784748827,14.9452151356749,-13.8729168252514,"OG147237_35",1
3.82142372230246,-29.4345236587988,4.15461570088988,"OG147240_35",0
6.70243049781466,-3.42356177578552,-8.7116126006232,"OG147244_35",1
4.23496372711507,5.42551622971786,-1.09287479728116,"OG147249_35",2
-14.739132175482,-21.7104809199908,11.4054293460595,"OG147251_35",3
21.4551501079531,-5.29289222192408,8.07404288935956,"OG147254_35",3
6.27667530476063,10.5856161812766,-0.784103315140163,"OG147256_35",2
1.38102677087863,-1.44127961882026,9.61212291704875,"OG147258_35",3
-5.70881953165519,8.99928155984009,2.26068418474987,"OG147260_35",2
-16.5673370382533,0.387683307731741,6.93885100681139,"OG147264_35",3
-0.524951001423606,8.63355448383139,-15.3768023213153,"OG147265_35",1
-38.1109879471117,12.4969203899397,7.60047261549935,"OG147267_35",4
10.4240881551039,-28.6264744242706,-1.16182469511228,"OG147268_35",0
12.8218414127401,-2.99367060164416,-4.65087349135032,"OG147273_35",1
-7.78201190128974,20.8459183521782,-3.97943006991475,"OG147276_35",4
11.5121217444737,-18.416551479641,2.36690920588201,"OG147279_35",2
-11.0313160416968,8.03854008506354,5.27537021991676,"OG147280_35",3
-0.993667581120051,0.554290459297326,7.45743287343647,"OG147284_35",3
4.82527317545423,8.69321906599664,-12.2320430543033,"OG147286_35",1
-15.3986869210261,4.32029652685245,-13.6046207633382,"OG147289_35",1
-46.0612759658526,-16.772267869832,-27.3196257036177,"OG147293_35",1
-17.4711089484618,15.6223745230488,7.55010582225935,"OG147296_35",4
-2.96992490539357,-45.0433741889179,4.57827823265543,"OG147298_35",0
13.5429535595841,-23.7413921873227,-1.29171900013385,"OG147300_35",0
12.9348626446978,14.9553762894944,-4.01717630264696,"OG147302_35",1
11.0245136259306,5.33677058403959,9.38346452136854,"OG147309_35",3
7.65486787539877,12.5326680827087,-1.90794093490757,"OG147311_35",3
8.81359114296224,-4.19615004507411,-7.8977692949816,"OG147314_35",1
-27.7028612713214,-12.7141242232142,5.2846758248214,"OG147317_35",3
-9.3033086587089,7.45683938454743,4.29025809288113,"OG147321_35",2
1.47705048603169,10.8194087521957,-9.77788222161173,"OG147324_35",1
-8.78847007676003,2.93718898838256,5.91709891844096,"OG147327_35",4
10.2711005223557,-24.1977349976459,-0.739894868438128,"OG147330_35",2
-9.01037176388245,-9.9245606639875,-11.5971328181962,"OG147332_35",1
10.9607888930105,-0.218764251915222,-12.5526561842014,"OG147334_35",1
-5.84891483546262,12.2517753197626,8.09840482141877,"OG147337_35",3
-29.4533773898083,-30.3596888685958,-22.7492785277479,"OG147340_35",1
2.39237498560526,-7.22569134104568,7.08829270690996,"OG147343_35",3
0.225268224815888,0.568199265177102,0.352524261162854,"OG147346_35",3
21.9543428996363,10.0053500165766,-1.00042070841078,"OG147350_35",2
-3.32811598444048,2.87988651560867,5.58075873783891,"OG147353_35",2
-4.97252075071812,8.33413910987982,2.79498117540886,"OG147355_35",2
21.9532478948162,10.006282735956,-1.00113956362296,"OG147360_35",2
-1.4903699182786,4.65240987651457,4.8747497958868,"OG147363_35",2
-5.42012884790266,9.11327802527474,3.26437333525542,"OG147365_35",2
-2.96893339189732,8.88980501183589,3.16827219426456,"OG147368_35",2
0.225555509336164,0.567666348060841,0.351959417724081,"OG147370_35",3
22.764107182225,9.63696740830945,-0.927985783988057,"OG147374_35",2
-3.52421307264095,3.22410757764766,5.54324239609273,"OG147377_35",2
-6.64449955963481,9.13780699351662,3.37957960993345,"OG147379_35",2
